,etldp1,branching_to_leaf_ratio,average_out_degree
0,amazonaws.com,0.23711340206185566,1.2933333333333332
1,amazonses.com,0.3020833333333333,1.411764705882353
2,att.com,0.8545647558386412,6.826086956521739
3,comcast.com,0.47105788423153694,1.8834586466165413
4,comcast.net,0.41208167895632447,1.700096432015429
5,totidc.net,0.7586206896551724,3.625
6,wanadoo.fr,0.3745276728161814,1.5982238010657193
